﻿<?xml version="1.0" encoding="utf-8"?>
<AccessSettings xmlns:xsi="http://www.w3.org/2001/XMLSchema-instance" xmlns:xsd="http://www.w3.org/2001/XMLSchema">
  <CompanyEntites>metadata=res://*/CompanyEntity.csdl|res://*/CompanyEntity.ssdl|res://*/CompanyEntity.msl;provider=System.Data.SqlClient;provider connection string="data source=lenovo-pc\sqlexpress;initial catalog=fifer_company;integrated security=True;MultipleActiveResultSets=True;App=EntityFramework"</CompanyEntites>
  <CrmEntites>metadata=res://*/CRMEntities.csdl|res://*/CRMEntities.ssdl|res://*/CRMEntities.msl;provider=System.Data.SqlClient;provider connection string=";data source=LENOVO-PC\SQLEXPRESS;initial catalog=fifer_crm;integrated security=True;MultipleActiveResultSets=True;App=EntityFramework"</CrmEntites>
  <TemplateEntities>metadata=res://*/TemplateEntities.csdl|res://*/TemplateEntities.ssdl|res://*/TemplateEntities.msl;provider=System.Data.SqlClient;provider connection string="data source=LENOVO-PC\SQLEXPRESS;initial catalog=fifer_site;integrated security=True;MultipleActiveResultSets=True;App=EntityFramework"</TemplateEntities>
  <LocalLandingEntities>metadata=res://*/LandingEntities.csdl|res://*/LandingEntities.ssdl|res://*/LandingEntities.msl;provider=System.Data.SqlClient;provider connection string="data source=LENOVO-PC\SQLEXPRESS;initial catalog=fifer_landing;integrated security=True;MultipleActiveResultSets=True;App=EntityFramework"</LocalLandingEntities>
  <LocalPasteboardEntities>metadata=res://*/PasteboardEntities.csdl|res://*/PasteboardEntities.ssdl|res://*/PasteboardEntities.msl;provider=System.Data.SqlClient;provider connection string="data source=LENOVO-PC\SQLEXPRESS;initial catalog=fifer_pasteboard;integrated security=True;MultipleActiveResultSets=True;App=EntityFramework"</LocalPasteboardEntities>
  <LocalCrmEntites>metadata=res://*/LocalCRMEntities.csdl|res://*/LocalCRMEntities.ssdl|res://*/LocalCRMEntities.msl;provider=System.Data.SqlClient;provider connection string="data source=LENOVO-PC\SQLEXPRESS;initial catalog=fifer_localcrm_0;integrated security=True;MultipleActiveResultSets=True;App=EntityFramework"</LocalCrmEntites>
  <CompanyViewsEntites>metadata=res://*/CompanyEntityView.csdl|res://*/CompanyEntityView.ssdl|res://*/CompanyEntityView.msl;provider=System.Data.SqlClient;provider connection string="data source=lenovo-pc\sqlexpress;initial catalog=fifer_company;integrated security=True;MultipleActiveResultSets=True;App=EntityFramework"</CompanyViewsEntites>
  <TicketEntites>metadata=res://*/TicketEntities.csdl|res://*/TicketEntities.ssdl|res://*/TicketEntities.msl;provider=System.Data.SqlClient;provider connection string="data source=lenovo-pc\sqlexpress;initial catalog=fifer_ticket;integrated security=True;MultipleActiveResultSets=True;App=EntityFramework"</TicketEntites>
  <UserEntites>metadata=res://*/UserEntity.csdl|res://*/UserEntity.ssdl|res://*/UserEntity.msl;provider=System.Data.SqlClient;provider connection string="data source=lenovo-pc\sqlexpress;initial catalog=fifer_user;integrated security=True;MultipleActiveResultSets=True;App=EntityFramework"</UserEntites>
  <LogEntites>metadata=res://*/LogEntities.csdl|res://*/LogEntities.ssdl|res://*/LogEntities.msl;provider=System.Data.SqlClient;provider connection string="data source=lenovo-pc\sqlexpress;initial catalog=fifer_log;integrated security=True;MultipleActiveResultSets=True;App=EntityFramework"</LogEntites>
  <InstanceStore>Server=lenovo-pc\sqlexpress;initial catalog=fifer_wf;integrated security=True;MultipleActiveResultSets=True;</InstanceStore>
  <StorageProcedureStore />
</AccessSettings>
